Workbook

Sheet Main
A1: Name | B1: Value
A2: currency | B2: SEK
A3: start | B3: 45658
A4: end | B4: 45689
A5: portfolios | B5: Portfolios
A6: assets | B6: Assets

Sheet Assets
A1: ID | B1: Name
A2: A1 | B2: The first asset
A3: A2 | B3: The second asset

Sheet Prices
A1: Date | B1: A1 | C1: A2 | D1: _A1_grow | E1: _A2_grow
A2: 45658 | B2: 100 | C2: 100 | D2: 0 | E2: 0
A3: 45659 | B3: 101 | C3: 90 | D3: =B3/B2 -> 1.01 | E3: =C3/C2 -> 0.9
A4: 45660 | B4: 102 | C4: 100 | D4: =B4/B3 -> 1.009901 | E4: =C4/C3 -> 1.1111111
A5: 45661 | B5: 103 | C5: 90 | D5: =B5/B4 -> 1.0098039 | E5: =C5/C4 -> 0.9
A6: 45662 | B6: 104 | C6: 100 | D6: =B6/B5 -> 1.0097087 | E6: =C6/C5 -> 1.1111111
A7: 45663 | B7: 105 | C7: 90 | D7: =B7/B6 -> 1.0096154 | E7: =C7/C6 -> 0.9
A8: 45664 | B8: 106 | C8: 100 | D8: =B8/B7 -> 1.0095238 | E8: =C8/C7 -> 1.1111111
A9: 45665 | B9: 107 | C9: 90 | D9: =B9/B8 -> 1.009434 | E9: =C9/C8 -> 0.9
A10: 45666 | B10: 108 | C10: 100 | D10: =B10/B9 -> 1.0093458 | E10: =C10/C9 -> 1.1111111
A11: 45667 | B11: 109 | C11: 90 | D11: =B11/B10 -> 1.0092593 | E11: =C11/C10 -> 0.9
A12: 45668 | B12: 110 | C12: 100 | D12: =B12/B11 -> 1.0091743 | E12: =C12/C11 -> 1.1111111
A13: 45669 | B13: 111 | C13: 90 | D13: =B13/B12 -> 1.0090909 | E13: =C13/C12 -> 0.9
A14: 45670 | B14: 112 | C14: 100 | D14: =B14/B13 -> 1.009009 | E14: =C14/C13 -> 1.1111111
... A33: 45689 | B33: 131 | C33: 90 | D33: =B33/B32 -> 1.0076923 | E33: =C33/C32 -> 0.9

Sheet Portfolios
A1: ID | B1: P1
A2: __rb_check | B2: weekly
A3: __rb_type | B3: full
A4: A1 | B4: 0.5
A5: A2 | B5: 0.5

Sheet Expected_Weights
A1: Portfolio | B1: _WD | C1: P1 | D1: P1 | E1: _P1
A2: Asset | B2: _WD | C2: A1 | D2: A2 | E2: _grow
A3: 45658 | B3: =A3 -> 45658 | C3: 0.5 | D3: 0.5 | E3: 1
A4: 45659 | B4: =A4 -> 45659 | C4: 0.5 | D4: 0.5 | E4: =$C4 * Prices!$D3 + $D4 * Prices!$E3 -> 0.955
A5: 45660 | B5: =A5 -> 45660 | C5: =(C4 * Prices!D3) / $E4 -> 0.52879581 | D5: =(D4 * Prices!E3) / $E4 -> 0.47120419 | E5: =$C5 * Prices!$D4 + $D5 * Prices!$E4 -> 1.0575916
A6: 45661 | B6: =A6 -> 45661 | C6: =(C5 * Prices!D4) / $E5 -> 0.5049505 | D6: =(D5 * Prices!E4) / E5 -> 0.4950495 | E6: =$C6 * Prices!$D5 + $D6 * Prices!$E5 -> 0.95544554
A7: 45662 | B7: =A7 -> 45662 | C7: =(C6 * Prices!D5) / $E6 -> 0.53367876 | D7: =(D6 * Prices!E5) / E6 -> 0.46632124 | E7: =$C7 * Prices!$D6 + $D7 * Prices!$E6 -> 1.0569948
A8: 45663 | B8: =A8 -> 45663 | C8: 0.5 | D8: 0.5 | E8: =$C8 * Prices!$D7 + $D8 * Prices!$E7 -> 0.95480769
A9: 45664 | B9: =A9 -> 45664 | C9: =(C8 * Prices!D7) / $E8 -> 0.52870091 | D9: =(D8 * Prices!E7) / E8 -> 0.47129909 | E9: =$C9 * Prices!$D8 + $D9 * Prices!$E8 -> 1.0574018
A10: 45665 | B10: =A10 -> 45665 | C10: =(C9 * Prices!D8) / $E9 -> 0.5047619 | D10: =(D9 * Prices!E8) / E9 -> 0.4952381 | E10: =$C10 * Prices!$D9 + $D10 * Prices!$E9 -> 0.9552381
A11: 45666 | B11: =A11 -> 45666 | C11: =(C10 * Prices!D9) / $E10 -> 0.5333998 | D11: =(D10 * Prices!E9) / E10 -> 0.4666002 | E11: =$C11 * Prices!$D10 + $D11 * Prices!$E10 -> 1.0568295
A12: 45667 | B12: =A12 -> 45667 | C12: =(C11 * Prices!D10) / $E11 -> 0.50943396 | D12: =(D11 * Prices!E10) / E11 -> 0.49056604 | E12: =$C12 * Prices!$D11 + $D12 * Prices!$E11 -> 0.95566038
A13: 45668 | B13: =A13 -> 45668 | C13: =(C12 * Prices!D11) / $E12 -> 0.53800592 | D13: =(D12 * Prices!E11) / E12 -> 0.46199408 | E13: =$C13 * Prices!$D12 + $D13 * Prices!$E12 -> 1.0562685
A14: 45669 | B14: =A14 -> 45669 | C14: =(C13 * Prices!D12) / $E13 -> 0.51401869 | D14: =(D13 * Prices!E12) / E13 -> 0.48598131 | E14: =$C14 * Prices!$D13 + $D14 * Prices!$E13 -> 0.95607477
A15: 45670 | B15: =A15 -> 45670 | C15: 0.5 | D15: 0.5 | E15: =$C15 * Prices!$D14 + $D15 * Prices!$E14 -> 1.0600601
A16: 45671 | B16: =A16 -> 45671 | C16: =(C15 * Prices!D14) / $E15 -> 0.47592068 | D16: =(D15 * Prices!E14) / E15 -> 0.52407932 | E16: =$C16 * Prices!$D15 + $D16 * Prices!$E15 -> 0.95184136
A17: 45672 | B17: =A17 -> 45672 | C17: =(C16 * Prices!D15) / $E16 -> 0.50446429 | D17: =(D16 * Prices!E15) / E16 -> 0.49553571 | E17: =$C17 * Prices!$D16 + $D17 * Prices!$E16 -> 1.0595238
A18: 45673 | B18: =A18 -> 45673 | C18: =(C17 * Prices!D16) / $E17 -> 0.48033708 | D18: =(D17 * Prices!E16) / E17 -> 0.51966292 | E18: =$C18 * Prices!$D17 + $D18 * Prices!$E17 -> 0.95224719
A19: 45674 | B19: =A19 -> 45674 | C19: =(C18 * Prices!D17) / $E18 -> 0.50884956 | D19: =(D18 * Prices!E17) / E18 -> 0.49115044 | E19: =$C19 * Prices!$D18 + $D19 * Prices!$E18 -> 1.0589971
A20: 45675 | B20: =A20 -> 45675 | C20: =(C19 * Prices!D18) / $E19 -> 0.48467967 | D20: =(D19 * Prices!E18) / E19 -> 0.51532033 | E20: =$C20 * Prices!$D19 + $D20 * Prices!$E19 -> 0.95264624
A21: 45676 | B21: =A21 -> 45676 | C21: =(C20 * Prices!D19) / $E20 -> 0.51315789 | D21: =(D20 * Prices!E19) / E20 -> 0.48684211 | E21: =$C21 * Prices!$D20 + $D21 * Prices!$E20 -> 1.0584795
A22: 45677 | B22: =A22 -> 45677 | C22: 0.5 | D22: 0.5 | E22: =$C22 * Prices!$D21 + $D22 * Prices!$E21 -> 0.95423729
A23: 45678 | B23: =A23 -> 45678 | C23: =(C22 * Prices!D21) / $E22 -> 0.52841918 | D23: =(D22 * Prices!E21) / E22 -> 0.47158082 | E23: =$C23 * Prices!$D22 + $D23 * Prices!$E22 -> 1.0568384
A24: 45679 | B24: =A24 -> 45679 | C24: =(C23 * Prices!D22) / $E23 -> 0.50420168 | D24: =(D23 * Prices!E22) / E23 -> 0.49579832 | E24: =$C24 * Prices!$D23 + $D24 * Prices!$E23 -> 0.95462185
A25: 45680 | B25: =A25 -> 45680 | C25: =(C24 * Prices!D23) / $E24 -> 0.53257042 | D25: =(D24 * Prices!E23) / E24 -> 0.46742958 | E25: =$C25 * Prices!$D24 + $D25 * Prices!$E24 -> 1.056338
A26: 45681 | B26: =A26 -> 45681 | C26: =(C25 * Prices!D24) / $E25 -> 0.50833333 | D26: =(D25 * Prices!E24) / E25 -> 0.49166667 | E26: =$C26 * Prices!$D25 + $D26 * Prices!$E25 -> 0.955
A27: 45682 | B27: =A27 -> 45682 | C27: =(C26 * Prices!D25) / $E26 -> 0.53664921 | D27: =(D26 * Prices!E25) / E26 -> 0.46335079 | E27: =$C27 * Prices!$D26 + $D27 * Prices!$E26 -> 1.0558464
A28: 45683 | B28: =A28 -> 45683 | C28: =(C27 * Prices!D26) / $E27 -> 0.51239669 | D28: =(D27 * Prices!E26) / E27 -> 0.48760331 | E28: =$C28 * Prices!$D27 + $D28 * Prices!$E27 -> 0.9553719
A29: 45684 | B29: =A29 -> 45684 | C29: 0.5 | D29: 0.5 | E29: =$C29 * Prices!$D28 + $D29 * Prices!$E28 -> 1.0595556
A30: 45685 | B30: =A30 -> 45685 | C30: =(C29 * Prices!D28) / $E29 -> 0.47567114 | D30: =(D29 * Prices!E28) / E29 -> 0.52432886 | E30: =$C30 * Prices!$D29 + $D30 * Prices!$E29 -> 0.95134228
A31: 45686 | B31: =A31 -> 45686 | C31: =(C30 * Prices!D29) / $E30 -> 0.50396825 | D31: =(D30 * Prices!E29) / E30 -> 0.49603175 | E31: =$C31 * Prices!$D30 + $D31 * Prices!$E30 -> 1.0590829
A32: 45687 | B32: =A32 -> 45687 | C32: =(C31 * Prices!D30) / $E31 -> 0.47960033 | D32: =(D31 * Prices!E30) / E31 -> 0.52039967 | E32: =$C32 * Prices!$D31 + $D32 * Prices!$E31 -> 0.95170691
A33: 45688 | B33: =A33 -> 45688 | C33: =(C32 * Prices!D31) / $E32 -> 0.50787402 | D33: =(D32 * Prices!E31) / E32 -> 0.49212598 | E33: =$C33 * Prices!$D32 + $D33 * Prices!$E32 -> 1.0586177
A34: 45689 | B34: =A34 -> 45689 | C34: =(C33 * Prices!D32) / $E33 -> 0.48347107 | D34: =(D33 * Prices!E32) / E33 -> 0.51652893 | E34: =$C34 * Prices!$D33 + $D34 * Prices!$E33 -> 0.95206612

Sheet Expected_Values
A1: Date | B1: P1
A2: 45658 | B2: 1
A3: 45659 | B3: =B2 * Expected_Weights!E4 -> 0.955
A4: 45660 | B4: =B3 * Expected_Weights!E5 -> 1.01
A5: 45661 | B5: =B4 * Expected_Weights!E6 -> 0.965
A6: 45662 | B6: =B5 * Expected_Weights!E7 -> 1.02
A7: 45663 | B7: =B6 * Expected_Weights!E8 -> 0.97390385
A8: 45664 | B8: =B7 * Expected_Weights!E9 -> 1.0298077
A9: 45665 | B9: =B8 * Expected_Weights!E10 -> 0.98371154
A10: 45666 | B10: =B9 * Expected_Weights!E11 -> 1.0396154
A11: 45667 | B11: =B10 * Expected_Weights!E12 -> 0.99351923
A12: 45668 | B12: =B11 * Expected_Weights!E13 -> 1.0494231
A13: 45669 | B13: =B12 * Expected_Weights!E14 -> 1.0033269
A14: 45670 | B14: =B13 * Expected_Weights!E15 -> 1.0635868
... A33: 45689 | B33: =B32 * Expected_Weights!E34 -> 1.0941644

Sheet Expected_Stats
B1: Start | C1: End | D1: RB Check | E1: RB Type | F1: Total Return % | G1: CAGR % | H1: Volatility % | I1: Sharpe | J1: Sortino | K1: Max Drawdown % | L1: Avg Drawdown % | M1: Max Drawdown Period
A2: P1 | B2: 45658 | C2: 45689 | D2: weekly | E2: full | F2: 9.42 | G2: 188.72 | H2: 82.08 | I2: 1.26 | J2: 2.01 | K2: -4.87 | L2: -4.6 | M2: 1 days
